Workbook
Name Slicer_Product_ID: #N/A
Name Slicer_Product_Name: #N/A
Name Slicer_Region: #N/A

Sheet Sheet4
A3: Product ID | B3: Sum of Total Sale (৳) | D3: Product ID | E3: Sum of Qty Sold | G3: Product Name | H3: Sum of Total Sale (৳) | J3: Product Name | K3: Sum of Qty Sold
A4: P001 | B4: 3025000 | D4: P001 | E4: 55 | G4: Desk Lamp LED | H4: 138600 | J4: Desk Lamp LED | K4: 63
A5: P002 | B5: 36000 | D5: P002 | E5: 30 | G5: Laptop Pro | H5: 3025000 | J5: Laptop Pro | K5: 55
A6: P003 | B6: 435000 | D6: P003 | E6: 29 | G6: Monitor 27" | H6: 448000 | J6: Monitor 27" | K6: 14
A7: P004 | B7: 4950 | D7: P004 | E7: 11 | G7: Notebook Set | H7: 4950 | J7: Notebook Set | K7: 11
A8: P005 | B8: 143500 | D8: P005 | E8: 41 | G8: Office Chair | H8: 435000 | J8: Office Chair | K8: 29
A9: P006 | B9: 1036000 | D9: P006 | E9: 37 | G9: Pen Drive 128GB | H9: 28900 | J9: Pen Drive 128GB | K9: 34
A10: P007 | B10: 148500 | D10: P007 | E10: 33 | G10: Standing Desk | H10: 1036000 | J10: Standing Desk | K10: 37
A11: P008 | B11: 28900 | D11: P008 | E11: 34 | G11: USB-C Hub | H11: 143500 | J11: USB-C Hub | K11: 41
A12: P009 | B12: 448000 | D12: P009 | E12: 14 | G12: Webcam HD | H12: 148500 | J12: Webcam HD | K12: 33
A13: P010 | B13: 138600 | D13: P010 | E13: 63 | G13: Wireless Mouse | H13: 36000 | J13: Wireless Mouse | K13: 30
A14: Grand Total | B14: 5444450 | D14: Grand Total | E14: 347 | G14: Grand Total | H14: 5444450 | J14: Grand Total | K14: 347
A18: Region | B18: Sum of Total Sale (৳) | D18: Region | E18: Sum of Qty Sold
A19: Chittagong | B19: 184500 | D19: Chittagong | E19: 63
A20: Dhaka | B20: 4061000 | D20: Dhaka | E20: 92
A21: Khulna | B21: 282100 | D21: Khulna | E21: 104
A22: Rajshahi | B22: 452950 | D22: Rajshahi | E22: 25
A23: Sylhet | B23: 463900 | D23: Sylhet | E23: 63
A24: Grand Total | B24: 5444450 | D24: Grand Total | E24: 347

Sheet Sheet1
A1: Sale ID | B1: Date | C1: Month | D1: Product ID | E1: Region | F1: Qty Sold | G1: Product Name | H1: Category | I1: Brand | J1: Total Sale (৳)
A2: S001 | B2: 2024-01-05 | C2: =TEXT(B2,"mmm") -> Jan | D2: P001 | E2: Dhaka | F2: 4 | G2: =_xlfn.XLOOKUP(D2,Sheet3!$A$2:$A$11,Sheet3!$B$2:$B$11) -> Laptop Pro | H2: =_xlfn.XLOOKUP(Sheet1!D2,Sheet3!$A$2:$A$11,Sheet3!$C$2:$C$11) -> Electronics | I2: =_xlfn.XLOOKUP(D2,Sheet3!$A$2:$A$11,Sheet3!$D$2:$D$11) -> TechBrand | J2: =Sheet1!F2* _xlfn.XLOOKUP(D2,Sheet3!$A$2:$A$11,Sheet3!$E$2:$E$11) -> 220000
A3: S002 | B3: 2024-01-12 | C3: =TEXT(B3,"mmm") -> Jan | D3: P002 | E3: Chittagong | F3: 1 | G3: =_xlfn.XLOOKUP(D3,Sheet3!$A$2:$A$11,Sheet3!$B$2:$B$11) -> Wireless Mouse | H3: =_xlfn.XLOOKUP(Sheet1!D3,Sheet3!$A$2:$A$11,Sheet3!$C$2:$C$11) -> Accessories | I3: =_xlfn.XLOOKUP(D3,Sheet3!$A$2:$A$11,Sheet3!$D$2:$D$11) -> TechBrand | J3: =Sheet1!F3* _xlfn.XLOOKUP(D3,Sheet3!$A$2:$A$11,Sheet3!$E$2:$E$11) -> 1200
A4: S003 | B4: 2024-01-20 | C4: =TEXT(B4,"mmm") -> Jan | D4: P003 | E4: Sylhet | F4: 9 | G4: =_xlfn.XLOOKUP(D4,Sheet3!$A$2:$A$11,Sheet3!$B$2:$B$11) -> Office Chair | H4: =_xlfn.XLOOKUP(Sheet1!D4,Sheet3!$A$2:$A$11,Sheet3!$C$2:$C$11) -> Furniture | I4: =_xlfn.XLOOKUP(D4,Sheet3!$A$2:$A$11,Sheet3!$D$2:$D$11) -> ComfortZone | J4: =Sheet1!F4* _xlfn.XLOOKUP(D4,Sheet3!$A$2:$A$11,Sheet3!$E$2:$E$11) -> 135000
A5: S004 | B5: 01/25/2024 | C5: =TEXT(B5,"mmm") -> Jan | D5: P004 | E5: Rajshahi | F5: 8 | G5: =_xlfn.XLOOKUP(D5,Sheet3!$A$2:$A$11,Sheet3!$B$2:$B$11) -> Notebook Set | H5: =_xlfn.XLOOKUP(Sheet1!D5,Sheet3!$A$2:$A$11,Sheet3!$C$2:$C$11) -> Stationery | I5: =_xlfn.XLOOKUP(D5,Sheet3!$A$2:$A$11,Sheet3!$D$2:$D$11) -> WriteRight | J5: =Sheet1!F5* _xlfn.XLOOKUP(D5,Sheet3!$A$2:$A$11,Sheet3!$E$2:$E$11) -> 3600
A6: S005 | B6: 2024-02-03 | C6: =TEXT(B6,"mmm") -> Feb | D6: P005 | E6: Khulna | F6: 8 | G6: =_xlfn.XLOOKUP(D6,Sheet3!$A$2:$A$11,Sheet3!$B$2:$B$11) -> USB-C Hub | H6: =_xlfn.XLOOKUP(Sheet1!D6,Sheet3!$A$2:$A$11,Sheet3!$C$2:$C$11) -> Accessories | I6: =_xlfn.XLOOKUP(D6,Sheet3!$A$2:$A$11,Sheet3!$D$2:$D$11) -> TechBrand | J6: =Sheet1!F6* _xlfn.XLOOKUP(D6,Sheet3!$A$2:$A$11,Sheet3!$E$2:$E$11) -> 28000
A7: S006 | B7: 2024-02-10 | C7: =TEXT(B7,"mmm") -> Feb | D7: P006 | E7: Dhaka | F7: 5 | G7: =_xlfn.XLOOKUP(D7,Sheet3!$A$2:$A$11,Sheet3!$B$2:$B$11) -> Standing Desk | H7: =_xlfn.XLOOKUP(Sheet1!D7,Sheet3!$A$2:$A$11,Sheet3!$C$2:$C$11) -> Furniture | I7: =_xlfn.XLOOKUP(D7,Sheet3!$A$2:$A$11,Sheet3!$D$2:$D$11) -> ComfortZone | J7: =Sheet1!F7* _xlfn.XLOOKUP(D7,Sheet3!$A$2:$A$11,Sheet3!$E$2:$E$11) -> 140000
A8: S006 | B8: 2024-02-10 | C8: =TEXT(B8,"mmm") -> Feb | D8: P006 | E8: Dhaka | F8: 5 | G8: =_xlfn.XLOOKUP(D8,Sheet3!$A$2:$A$11,Sheet3!$B$2:$B$11) -> Standing Desk | H8: =_xlfn.XLOOKUP(Sheet1!D8,Sheet3!$A$2:$A$11,Sheet3!$C$2:$C$11) -> Furniture | I8: =_xlfn.XLOOKUP(D8,Sheet3!$A$2:$A$11,Sheet3!$D$2:$D$11) -> ComfortZone | J8: =Sheet1!F8* _xlfn.XLOOKUP(D8,Sheet3!$A$2:$A$11,Sheet3!$E$2:$E$11) -> 140000
A9: S007 | B9: 2024-02-18 | C9: =TEXT(B9,"mmm") -> Feb | D9: P007 | E9: Chittagong | F9: 4 | G9: =_xlfn.XLOOKUP(D9,Sheet3!$A$2:$A$11,Sheet3!$B$2:$B$11) -> Webcam HD | H9: =_xlfn.XLOOKUP(Sheet1!D9,Sheet3!$A$2:$A$11,Sheet3!$C$2:$C$11) -> Electronics | I9: =_xlfn.XLOOKUP(D9,Sheet3!$A$2:$A$11,Sheet3!$D$2:$D$11) -> TechBrand | J9: =Sheet1!F9* _xlfn.XLOOKUP(D9,Sheet3!$A$2:$A$11,Sheet3!$E$2:$E$11) -> 18000
A10: S009 | B10: 2024-03-01 | C10: =TEXT(B10,"mmm") -> Mar | D10: P009 | E10: Rajshahi | F10: 3 | G10: =_xlfn.XLOOKUP(D10,Sheet3!$A$2:$A$11,Sheet3!$B$2:$B$11) -> Monitor 27" | H10: =_xlfn.XLOOKUP(Sheet1!D10,Sheet3!$A$2:$A$11,Sheet3!$C$2:$C$11) -> Electronics | I10: =_xlfn.XLOOKUP(D10,Sheet3!$A$2:$A$11,Sheet3!$D$2:$D$11) -> TechBrand | J10: =Sheet1!F10* _xlfn.XLOOKUP(D10,Sheet3!$A$2:$A$11,Sheet3!$E$2:$E$11) -> 96000
A11: S010 | B11: 2024-03-08 | C11: =TEXT(B11,"mmm") -> Mar | D11: P010 | E11: Khulna | F11: 19 | G11: =_xlfn.XLOOKUP(D11,Sheet3!$A$2:$A$11,Sheet3!$B$2:$B$11) -> Desk Lamp LED | H11: =_xlfn.XLOOKUP(Sheet1!D11,Sheet3!$A$2:$A$11,Sheet3!$C$2:$C$11) -> Furniture | I11: =_xlfn.XLOOKUP(D11,Sheet3!$A$2:$A$11,Sheet3!$D$2:$D$11) -> ComfortZone | J11: =Sheet1!F11* _xlfn.XLOOKUP(D11,Sheet3!$A$2:$A$11,Sheet3!$E$2:$E$11) -> 41800
A12: S011 | B12: 2024-03-15 | C12: =TEXT(B12,"mmm") -> Mar | D12: P001 | E12: Dhaka | F12: 14 | G12: =_xlfn.XLOOKUP(D12,Sheet3!$A$2:$A$11,Sheet3!$B$2:$B$11) -> Laptop Pro | H12: =_xlfn.XLOOKUP(Sheet1!D12,Sheet3!$A$2:$A$11,Sheet3!$C$2:$C$11) -> Electronics | I12: =_xlfn.XLOOKUP(D12,Sheet3!$A$2:$A$11,Sheet3!$D$2:$D$11) -> TechBrand | J12: =Sheet1!F12* _xlfn.XLOOKUP(D12,Sheet3!$A$2:$A$11,Sheet3!$E$2:$E$11) -> 770000
A13: S012 | B13: 2024-03-22 | C13: =TEXT(B13,"mmm") -> Mar | D13: P002 | E13: Chittagong | F13: 2 | G13: =_xlfn.XLOOKUP(D13,Sheet3!$A$2:$A$11,Sheet3!$B$2:$B$11) -> Wireless Mouse | H13: =_xlfn.XLOOKUP(Sheet1!D13,Sheet3!$A$2:$A$11,Sheet3!$C$2:$C$11) -> Accessories | I13: =_xlfn.XLOOKUP(D13,Sheet3!$A$2:$A$11,Sheet3!$D$2:$D$11) -> TechBrand | J13: =Sheet1!F13* _xlfn.XLOOKUP(D13,Sheet3!$A$2:$A$11,Sheet3!$E$2:$E$11) -> 2400
... A41: S041 | B41: 2024-11-01 | C41: =TEXT(B41,"mmm") -> Nov | D41: P001 | E41: Dhaka | F41: 12 | G41: =_xlfn.XLOOKUP(D41,Sheet3!$A$2:$A$11,Sheet3!$B$2:$B$11) -> Laptop Pro | H41: =_xlfn.XLOOKUP(Sheet1!D41,Sheet3!$A$2:$A$11,Sheet3!$C$2:$C$11) -> Electronics | I41: =_xlfn.XLOOKUP(D41,Sheet3!$A$2:$A$11,Sheet3!$D$2:$D$11) -> TechBrand | J41: =Sheet1!F41* _xlfn.XLOOKUP(D41,Sheet3!$A$2:$A$11,Sheet3!$E$2:$E$11) -> 660000

Sheet Sheet3
A1: Product ID | B1: Product Name | C1: Category | D1: Brand | E1: Unit Price (৳)
A2: P001 | B2: Laptop Pro | C2: Electronics | D2: TechBrand | E2: 55000
A3: P002 | B3: Wireless Mouse | C3: Accessories | D3: TechBrand | E3: 1200
A4: P003 | B4: Office Chair | C4: Furniture | D4: ComfortZone | E4: 15000
A5: P004 | B5: Notebook Set | C5: Stationery | D5: WriteRight | E5: 450
A6: P005 | B6: USB-C Hub | C6: Accessories | D6: TechBrand | E6: 3500
A7: P006 | B7: Standing Desk | C7: Furniture | D7: ComfortZone | E7: 28000
A8: P007 | B8: Webcam HD | C8: Electronics | D8: TechBrand | E8: 4500
A9: P008 | B9: Pen Drive 128GB | C9: Accessories | D9: StorePro | E9: 850
A10: P009 | B10: Monitor 27" | C10: Electronics | D10: TechBrand | E10: 32000
A11: P010 | B11: Desk Lamp LED | C11: Furniture | D11: ComfortZone | E11: 2200
